post_id,from,to,in_comment,count,prefix
8azt3r,OP,poundfoolishhh,dx2vtx2,1,[Quote] Elon Musk is
8azt3r,OP,TheManWhoWasNotShort,dx2vkab,1,[Quote] Fundamentall
8azt3r,OP,SaintBio,dx2tc9z,1,There's consistent e
8azt3r,OP,poundfoolishhh,dx2vtx2,1,[Quote] Elon Musk is
8azt3r,OP,TheManWhoWasNotShort,dx2vkab,1,[Quote] Fundamentall
8azt3r,OP,SaintBio,dx2tc9z,1,There's consistent e
8azt3r,OP,poundfoolishhh,dx2vtx2,1,[Quote] Elon Musk is
8azt3r,OP,TheManWhoWasNotShort,dx2vkab,1,[Quote] Fundamentall
8azt3r,OP,SaintBio,dx2tc9z,1,There's consistent e
8azt3r,OP,poundfoolishhh,dx2vtx2,1,[Quote] Elon Musk is
8azt3r,OP,TheManWhoWasNotShort,dx2vkab,1,[Quote] Fundamentall
8azt3r,OP,SaintBio,dx2tc9z,1,There's consistent e
8azt3r,OP,poundfoolishhh,dx2vtx2,1,[Quote] Elon Musk is
8azt3r,OP,TheManWhoWasNotShort,dx2vkab,1,[Quote] Fundamentall
8azt3r,OP,SaintBio,dx2tc9z,1,There's consistent e
8azt3r,OP,poundfoolishhh,dx2vtx2,1,[Quote] Elon Musk is
8azt3r,OP,TheManWhoWasNotShort,dx2vkab,1,[Quote] Fundamentall
8azt3r,OP,SaintBio,dx2tc9z,1,There's consistent e
8azt3r,OP,poundfoolishhh,dx2vtx2,1,[Quote] Elon Musk is
8azt3r,OP,TheManWhoWasNotShort,dx2vkab,1,[Quote] Fundamentall
8azt3r,OP,SaintBio,dx2tc9z,1,There's consistent e
8azt3r,OP,poundfoolishhh,dx2vtx2,1,[Quote] Elon Musk is
8azt3r,OP,TheManWhoWasNotShort,dx2vkab,1,[Quote] Fundamentall
8azt3r,OP,SaintBio,dx2tc9z,1,There's consistent e
8azt3r,OP,poundfoolishhh,dx2vtx2,1,[Quote] Elon Musk is
8azt3r,OP,TheManWhoWasNotShort,dx2vkab,1,[Quote] Fundamentall
8azt3r,OP,SaintBio,dx2tc9z,1,There's consistent e
8azt3r,OP,poundfoolishhh,dx2vtx2,1,[Quote] Elon Musk is
8azt3r,OP,TheManWhoWasNotShort,dx2vkab,1,[Quote] Fundamentall
8azt3r,OP,SaintBio,dx2tc9z,1,There's consistent e
8azt3r,OP,poundfoolishhh,dx2vtx2,1,[Quote] Elon Musk is
8azt3r,OP,TheManWhoWasNotShort,dx2vkab,1,[Quote] Fundamentall
8azt3r,OP,SaintBio,dx2tc9z,1,There's consistent e
8azt3r,OP,poundfoolishhh,dx2vtx2,1,[Quote] Elon Musk is
8azt3r,OP,TheManWhoWasNotShort,dx2vkab,1,[Quote] Fundamentall
8azt3r,OP,SaintBio,dx2tc9z,1,There's consistent e
8azt3r,OP,poundfoolishhh,dx2vtx2,1,[Quote] Elon Musk is
8azt3r,OP,TheManWhoWasNotShort,dx2vkab,1,[Quote] Fundamentall
8azt3r,OP,SaintBio,dx2tc9z,1,There's consistent e
8azt3r,OP,poundfoolishhh,dx2vtx2,1,[Quote] Elon Musk is
8azt3r,OP,TheManWhoWasNotShort,dx2vkab,1,[Quote] Fundamentall
8azt3r,OP,SaintBio,dx2tc9z,1,There's consistent e
8azt3r,OP,poundfoolishhh,dx2vtx2,1,[Quote] Elon Musk is
8azt3r,OP,TheManWhoWasNotShort,dx2vkab,1,[Quote] Fundamentall
8azt3r,OP,SaintBio,dx2tc9z,1,There's consistent e
8lv1td,OP,Trorbes,dzimb0s,1,Most people opposed 
8lv1td,OP,Trorbes,dzimb0s,1,Most people opposed 
8lv1td,OP,Trorbes,dzimb0s,1,Most people opposed 
8lv1td,OP,EngineeringPeace,dziwdh3,1,It didn't change you
8lv1td,OP,EngineeringPeace,dziwdh3,1,It didn't change you
8lv1td,OP,EngineeringPeace,dziwdh3,1,It didn't change you
8lv1td,OP,sarcasticorange,dzj00jx,1,It would be interest
8lv1td,OP,Zapopa,dzj3w4g,1,Yeah they don’t. I’v
8lv1td,OP,Zapopa,dzj3w4g,1,Yeah they don’t. I’v
8lv1td,OP,Zapopa,dzj3w4g,1,Yeah they don’t. I’v
8lv1td,OP,PreacherJudge,dzisdly,1,"I mean, because ""Ame"
8lv1td,OP,PreacherJudge,dzisdly,1,"I mean, because ""Ame"
8lv1td,OP,woojoo666,dzj44d8,1,I've just been readi
8lv1td,OP,woojoo666,dzj44d8,1,I've just been readi
8lv1td,OP,woojoo666,dzj44d8,1,I've just been readi
8lv1td,OP,SydneyHollow,dzizy7b,1,I don't know if I ca
8lv1td,OP,SydneyHollow,dzizy7b,1,I don't know if I ca
8lv1td,OP,SydneyHollow,dzizy7b,1,I don't know if I ca
8lv1td,DeLoRiggidy,WebSliceGallery123,dzimhu0,1,The players are at w
8lv1td,hlynn117,EngineeringPeace,dzixoyv,1,[Quote] Except that 
8lv1td,IamTHEwolfYEAH,FourForYouGlennCoco,dzjlo33,1,\[Quote] Had you bot
8byj89,OP,Gilead_1999,dxanh5r,1,I agree that our soc
8byj89,OP,SpockShotFirst,dxanw24,1,Seems like your defi
8byj89,OP,GnosticGnome,dxannov,1,Very few people have
8byj89,OP,Hq3473,dxap2aa,1,Why thereaten? Just 
8byj89,OP,Freevoulous,dxapypc,1,doubly so for rural 
8byj89,OP,AlphaGoGoDancer,dxau491,1,Some of what you lis
8byj89,OP,Freevoulous,dxaptjb,1,[Quote] Pay with wha
8byj89,OP,family_of_trees,dxapz3w,1,They'll run out even
8byj89,OP,Freevoulous,dxaq6fa,1,before apocalypse? S
8byj89,OP,Freevoulous,dxap660,1,"OP, you are ignoring"
8byj89,OP,GoyBeorge,dxaqktu,1,1. Attractive: For a
8byj89,OP,acvdk,dxba162,1,What happens when pe
8byj89,OP,Zifna,dxcmo00,1,"Okay, what exactly i"
8byj89,OP,PLEASE_USE_LOGIC,dxbtlyk,1,Navy SEALs are none 
8byj89,OP,Iswallowedafly,dxfklnz,1,Because you are thin
94k9lf,OP,loveandsubmit,e3lnyrk,1,"""I can’t change your"
94k9lf,OP,SlouchingToElysium,e3lqpmw,1,"""""To live is to suff"
94k9lf,OP,ryankirbz,e3lrkbi,1,"""I’m a Christian, an"
94k9lf,OP,skaizm,e3lta5i,1,"""As a non religious "
94k9lf,OP,JamesXX,e3lx2zl,1,"""Two points: Yes, if"
94k9lf,OP,JamesDevitt,e3lxj46,1,"""If there is no god "
94k9lf,OP,ryankirbz,e3lxl7e,1,"""Correct! I used to "
94k9lf,OP,KZGTURTLE,e3ly3b3,1,"""If you really want "
94k9lf,OP,Rasasta,e3lyajo,1,"""&amp;gt; Life might"
94k9lf,OP,Riothegod1,e3lyul5,1,"""You are absolutely "
94k9lf,OP,madwzdri,e3m033a,1,"""Im not really here "
94k9lf,OP,EternalPropagation,e3m04mx,1,"""The universe doesn'"
94k9lf,OP,Vovochka_Lenin,e3m0d3v,1,"""Human beings are pa"
94k9lf,OP,TapiocaTuesday,e3m0vlh,1,"""The reason religion"
94k9lf,OP,BullsLawDan,e3mitt0,1,"""&amp;gt;Since I ear"
94k9lf,OP,domaa,e3mjo30,1,"""&amp;gt;There is st"
94k9lf,OP,I_am_Norwegian,e3mkgf7,1,"""While I'm not relig"
94k9lf,OP,HybridVigor,e3mkjol,1,"""Why couldn't an all"
94k9lf,OP,GoodAndBluts,e3mlxfq,1,"""What I mean is - th"
94k9lf,OP,hippynoize,e3mmjit,1,"""The reality from a "
94k9lf,OP,hippynoize,e3n8jij,1,"""&amp;gt; Well, it's"
94k9lf,OP,Zaptruder,e3n8kww,1,"""Your argument seems"
94k9lf,OP,hippynoize,e3n8rvw,1,"""Respectfully, your "
94k9lf,OP,arokthemild,e3na7mc,1,"""Why should we matte"
94k9lf,OP,LuxPup,e3nbpxp,1,"""If you want to get "
94k9lf,OP,RazorSnowflake,e3nc3eq,1,"""I sometimes like to"
94k9lf,OP,morthond,e3ng5ql,1,"""&amp;gt; it would b"
94k9lf,OP,Panzerdrek,e3nglqx,1,"""Well I'll be damned"
94k9lf,OP,goldandguns,e3nhfcb,1,"""I think your interp"
94k9lf,OP,caiprime,e3nirxf,1,"""This is a little of"
94k9lf,OP,SlOwPrOcEsSoRImAgInE,e3njn78,1,"""Instead of convinci"
94k9lf,OP,john1979af,e3op0z2,1,"""My personal belief "
94k9lf,OP,kaeganc,e3opela,1,"""I would suggest tha"
94k9lf,OP,lordmeathammer,e3px2g1,1,"""If you're looking f"
94k9lf,OP,UncleChido,e3pxo9d,1,"""Sorry about your pa"
94k9lf,OP,thegeckomaster,e3pyewi,1,"""I personally am rel"
94k9lf,OP,remphos,e3pz6in,1,"""I find Buddhist tea"
94k9lf,OP,chronotank,e3pzjvc,1,"""There's no convinci"
94k9lf,OP,Belostoma,e3r0kbq,1,"""As for the Universe"
94k9lf,OP,Five_Decades,e3r1g3i,1,"""I do have a minor c"
94k9lf,OP,zupobaloop,e3r1tws,1,"""This is an anecdote"
94k9lf,OP,AmPornGifs,e3r1xei,1,"""Hume, I believe, is"
94k9lf,OP,ChefSancho,e3r27ac,1,"""I don't believe God"
94k9lf,OP,Dyson201,e3r2tj2,1,"""I'll throw in on th"
94k9lf,OP,Godspeed311,e3r2wq9,1,"""Do you consider hum"
94k9lf,OP,PM_ME_YOUR_ALTCOINS,e3r3i41,1,"""I'm late to this co"
94k9lf,OP,Theappunderground,e3r3jxv,1,"""Youre looking at it"
94k9lf,OP,GoyBeorge,e3r3sdn,1,"""Scarcity creates va"
94k9lf,OP,hakien,e3r40ki,1,"""Let me try to give "
94k9lf,OP,HyperMoonX7,e3r49zb,1,"""I'm not really advo"
94k9lf,OP,Praelior0,e3r5118,1,"""I won't argue with "
94k9lf,OP,The_Thompsonator,e3r56mf,1,"""OP i'll start by ex"
94k9lf,OP,fulcrum_security,e3r5bua,1,"""Life is far from fa"
94k9lf,OP,lphemphill,e3r6c7k,1,"""I am so, so sorry a"
94k9lf,OP,AlmostFapped,e3r6v57,1,"""G-d isn't there to "
94k9lf,OP,Jordan-Hedington,e3v5op1,1,"""While I can relate "
94k9lf,OP,rgallazzi,e3v6fgo,1,"""I’m so sorry for th"
94k9lf,OP,Roar_of_Shiva,e3v701a,1,"""The true nature of "
94k9lf,OP,PedanticPendant,e3v747z,1,"""Not gonna tell you "
94k9lf,OP,boromir2482,e3vcqhs,1,"""I am a cancer survi"
94k9lf,OP,mossyskeleton,e3vczsj,1,"""[magic mushrooms..]"
94k9lf,OP,yoyoma_,e3vd4ty,1,"""How can a conscious"
94k9lf,OP,poncewattle,e3vd7hx,1,"""Just because bullsh"
94k9lf,OP,CheeterMcSkeeter,e3vdk0l,1,"""God not existing is"
94k9lf,OP,Nac82,e3vebp5,1,"""I myself am agnosti"
94k9lf,OP,XXX-XXX-XXX,e3velii,1,"""Not sure if this wi"
94k9lf,OP,SuurAlaOrolo,e3vff1s,1,"""OP u/joshingkatie: "
94k9lf,OP,annbeagnach,e3vfmld,1,"""I challenge your ho"
94k9lf,OP,PapiStalin,e3vfpvp,1,"""Dude, the world is "
94k9lf,OP,yrock3001,e40qzwn,1,"""Yaboy Yrock is late"
94k9lf,OP,Noktuah,e41hvex,1,"""Not sure what you a"
94k9lf,OP,Willshw,e41i6jl,1,"""Maybe this will sou"
94k9lf,OP,Unicorncuddletime,e41jhoq,1,"""I was in a place th"
94k9lf,OP,xFullTilt,e41js53,1,"""First of all, your "
94k9lf,OP,greatjasoni,e41jzl0,1,"""Perception is reali"
94k9lf,OP,Arden144,e41koy6,1,"""I think a short and"
94k9lf,OP,AthiestLibNinja,e41meu1,1,"""We're all agnostic."
94k9lf,OP,Devianttotheright,e41mr3k,1,"""Okay, ready? I’m go"
94k9lf,OP,Yesofcoursenaturally,e431mkw,1,"""&amp;gt;I would arg"
94k9lf,OP,Yesofcoursenaturally,e4321ip,1,"""&amp;gt;It is unfor"
94k9lf,OP,zupobaloop,e43242w,1,"""&amp;gt;This idea t"
94k9lf,OP,ThunderClap448,e432qkq,1,"""There maybe is a go"
8nkbvf,OP,jfpbookworm,dzw3u71,1,"If this is true, sho"
8nkbvf,OP,granolatarian0317,dzw3wdk,1,Even if it we accept
8nkbvf,OP,thisConna,dzw4jto,1,If that was the case
8nkbvf,OP,MellowNatts,dzw68m5,1,Study after study ha
8nkbvf,OP,Huntingmoa,dzw5kzp,1,You mean being poor 
8nkbvf,OP,NaturalSelectorX,dzw4a0q,1,[Quote] You should g
8nkbvf,OP,tempaccount920123,dzw4xhg,1,[Quote] More like a 
8nkbvf,OP,Huntingmoa,dzw774p,1,[Quote] Humans are a
8nkbvf,OP,BolshevikMuppet,dzw8fbt,1,[Quote] There’s a pr
8nkbvf,OP,timoth3y,dzx8iiy,1,[Quote] No. It's the
8gmxsf,OP,reala55eater,dyczhju,1,A post racial utopia
8gmxsf,OP,Scribbles_,dyd73ed,1,"Sure, now I'll share"
8gmxsf,OP,chicken-litttle,dydkd3p,1,I know you mention i
8gmxsf,OP,Spaffin,dydl398,1,[Quote] The Ebony.co
8gmxsf,OP,MysteryPerker,dye7fei,1,I think your line of
8gmxsf,OP,RadicalDog,dydk5vd,1,"Okay, I'll pick off "
8gmxsf,OP,adamislolz,dyeibqb,1,This article is abou
8gmxsf,OP,kingado08,dygvend,1,I feel like one and 
8gmxsf,Anon6376,yeahiknow3,dyemssq,1,The Principle of Cha
rhj35f,OP,Slinkusmalinkus,hosq2hk,1,"""It is far more than"
rhj35f,The_Elemental_Master,Slinkusmalinkus,horymq2,1,"""It is far more than"
rhj35f,SGTShamShield,Slinkusmalinkus,hosbrac,1,"""It is far more than"
rhj35f,mancubus314159,Slinkusmalinkus,hosd06q,1,"""It is far more than"
rhj35f,gregbeans,Slinkusmalinkus,hosd4fu,1,"""It is far more than"
rhj35f,SmarmyPapsmears,Slinkusmalinkus,hosia54,1,"""It is far more than"
rhj35f,artmoloch777,Slinkusmalinkus,hoskbu7,1,"""It is far more than"
rhj35f,Zeroz567,Slinkusmalinkus,hosm9yv,1,"""It is far more than"
rhj35f,Kungfumantis,Slinkusmalinkus,hosmem5,1,"""It is far more than"
rhj35f,lyyra,Slinkusmalinkus,hosn0zt,1,"""It is far more than"
rhj35f,remimorin,Slinkusmalinkus,hosobn9,1,"""It is far more than"
rhj35f,Kerostasis,Exis007,hosphv1,1,"""**FDS works the sam"
rhj35f,Xesame,Slinkusmalinkus,hossctu,1,"""It is far more than"
rhj35f,char11eg,Slinkusmalinkus,host81x,1,"""It is far more than"
rhj35f,ja_dubs,Exis007,hosu9qz,1,"""**FDS works the sam"
rhj35f,Javlington,Slinkusmalinkus,hosuftk,1,"""It is far more than"
rhj35f,BuddyOwensPVB,Slinkusmalinkus,hosusb0,1,"""It is far more than"
rhj35f,EpicKoala,Slinkusmalinkus,hoszgfn,1,"""It is far more than"
rhj35f,Chimorin_,Slinkusmalinkus,hot2p42,1,"""It is far more than"
rhj35f,WoodSorrow,Slinkusmalinkus,hot4qkt,1,"""It is far more than"
rhj35f,TheStargunner,Slinkusmalinkus,hot9rvs,1,"""It is far more than"
rhj35f,ImACuddlyFlea,Slinkusmalinkus,hotc5q0,1,"""It is far more than"
rhj35f,HeroSmasher,Slinkusmalinkus,hotgvw5,1,"""It is far more than"
rhj35f,poopiedoodie710,Slinkusmalinkus,hoth0yu,1,"""It is far more than"
rhj35f,Firebat12,Slinkusmalinkus,hotif39,1,"""It is far more than"
rhj35f,tyty657,Slinkusmalinkus,hotil12,1,"""It is far more than"
rhj35f,SaberSnakeStream,Slinkusmalinkus,hotj0d1,1,"""It is far more than"
rhj35f,Zhelgadis,Slinkusmalinkus,hotmrqn,1,"""It is far more than"
rhj35f,Talik1978,Slinkusmalinkus,hotoa1z,1,"""It is far more than"
rhj35f,beruon,Slinkusmalinkus,hotporx,1,"""It is far more than"
rhj35f,sending_it_soon,Slinkusmalinkus,hotqwu4,1,"""It is far more than"
rhj35f,manateemma,Slinkusmalinkus,hotrv3i,1,"""It is far more than"
rhj35f,DetroitUberDriver,Slinkusmalinkus,hottycv,1,"""It is far more than"
rhj35f,rmg1102,Exis007,hotuulg,1,"""**FDS works the sam"
rhj35f,MaesterJones,Slinkusmalinkus,houan0e,1,"""It is far more than"
rhj35f,MarioLuigi0404,Slinkusmalinkus,houdrc9,1,"""It is far more than"
rhj35f,mrjenkins45,Slinkusmalinkus,houin07,1,"""It is far more than"
rhj35f,__-_____-_-__---_,Exis007,howaydo,1,"""**FDS works the sam"
rhj35f,__-_____-_-__---_,Slinkusmalinkus,howcij8,1,"""It is far more than"
rhj35f,AbyssHeart,Slinkusmalinkus,hoyr3bs,1,"""It is far more than"
rhj35f,cryptothrow2,Exis007,hplsbk7,1,"""**FDS works the sam"
rhj35f,303x,Exis007,hpsywri,1,"""**FDS works the sam"
rhj35f,OKRollForInitiative,Exis007,hpszc16,1,"""**FDS works the sam"
rhj35f,FungiMagi,Exis007,hpt09ky,1,"""**FDS works the sam"
rhj35f,Typicalinternetuser9,Exis007,hpt3f7b,1,"""**FDS works the sam"
rhj35f,Hyperacive,Exis007,hptelnx,1,"""**FDS works the sam"
rhj35f,Admirable-Bus5693,Exis007,hptg0mx,1,"""**FDS works the sam"
rhj35f,Responsible_Fill2380,Exis007,hptj7zw,1,"""**FDS works the sam"
rhj35f,GingasaurusWrex,Exis007,hpu63st,1,"""**FDS works the sam"
rhj35f,Bryhannah,Exis007,hpw37yj,1,"""**FDS works the sam"
rhj35f,MasterZar26,Exis007,hq0tvfu,1,"""**FDS works the sam"
rhj35f,TaterTot0507,Exis007,hq16ifq,1,"""**FDS works the sam"
rhj35f,Logical_Painter5998,Exis007,hq1a37z,1,"""**FDS works the sam"
rhj35f,yeenon,Exis007,hq1eyqt,1,"""**FDS works the sam"
rhj35f,number1SHREDDER,Exis007,hq1ke4g,1,"""**FDS works the sam"
rhj35f,metblack85,Kerostasis,hq1nz22,1,"""!delta None of this"
rhj35f,Rotiahn,Exis007,hq1o4zk,1,"""**FDS works the sam"
rhj35f,Ashaps2001,Exis007,hq1vnsi,1,"""**FDS works the sam"
rhj35f,spchee,Exis007,hq20rol,1,"""**FDS works the sam"
rhj35f,Fuck_amazon_returns,Exis007,hq224ce,1,"""**FDS works the sam"
rhj35f,addicted_to_dopamine,Exis007,hq23as2,1,"""**FDS works the sam"
rhj35f,sami828,Exis007,hq27t5e,1,"""**FDS works the sam"
rhj35f,Dink-Meeker,Exis007,hq29dp0,1,"""**FDS works the sam"
rhj35f,hamburglin,Kerostasis,hq2qahx,1,"""!delta None of this"
rhj35f,pmirallesr,Exis007,hq2yvs9,1,"""**FDS works the sam"
rhj35f,gameforfools,Exis007,hq33qmf,1,"""**FDS works the sam"
rhj35f,Ezada,Exis007,hq3bt92,1,"""**FDS works the sam"
rhj35f,siccoblue,Exis007,hq3ct8c,1,"""**FDS works the sam"
rhj35f,volyund,Exis007,hq48egb,1,"""**FDS works the sam"
rhj35f,ProbablyANoobYo,Exis007,hq4a8y2,1,"""**FDS works the sam"
rhj35f,Ue_MistakeNot,Exis007,hq591qt,1,"""**FDS works the sam"
rhj35f,Garfieldcfc,Exis007,hq8vrov,1,"""**FDS works the sam"
rhj35f,fallensoldier_1748,Exis007,i2ipwmg,1,"""**FDS works the sam"
8hm2xv,OP,Pinuzzo,dylb5t2,1,It's not mandatory. 
8hm2xv,OP,Kezika,dyl9kzw,1,[Quote] They aren’t.
8hm2xv,OP,NoTraceNotOneCarton,dykz09j,1,"In the US, mandatory"
8hm2xv,OP,prncsntle123,dyl8198,1,I won’t get into wha
8hm2xv,OP,NoTraceNotOneCarton,dylghks,1,"No, that's illegal!"
8hm2xv,OP,Amadameus,dym0d4q,1,Of course they do - 
8hm2xv,OP,CubonesDeadMom,dyluc5j,1,It’s not mandatory. 
8hm2xv,RedArremer,fox-mcleod,dykz9i5,1,Dr. King spoke about
8hm2xv,thatoneguy54,fox-mcleod,dykz9i5,1,Dr. King spoke about
8hm2xv,heartles,fox-mcleod,dykz9i5,1,Dr. King spoke about
8hm2xv,Nucaranlaeg,fox-mcleod,dykz9i5,1,Dr. King spoke about
896cbc,OP,MechanicalEngineEar,dwpc90e,1,I would say it depen
896cbc,OP,Chrighenndeter,dwphi0p,1,[Quote] It is. Boyco
896cbc,OP,curien,dwpgw5y,1,[Quote] A corporatio
896cbc,OP,Teeklin,dwpgeng,1,As with pretty much 
896cbc,OP,curien,dwpj51x,1,"I mean sure, but the"
896cbc,OP,lordzamorak,dwpjvfz,1,I know you have been
896cbc,OP,allthelittleziegen,dwpntgf,1,Boycotting is legiti
896cbc,OP,notfunctiongcorectly,dwpx110,1,You know at the bott
896cbc,OP,corvidsarecrows,dwpwxuz,1,I want to try to cha
8g8fhd,OP,Milskidasith,dy9m2ag,1,"I agree that the ""dr"
8g8fhd,Valtieri,Milskidasith,dy9m2ag,1,"I agree that the ""dr"
8g8fhd,cheesyvee,Milskidasith,dy9m2ag,1,"I agree that the ""dr"
8g8fhd,n3rdychick,Milskidasith,dy9m2ag,1,"I agree that the ""dr"
8g8fhd,Utahraptore,Milskidasith,dy9m2ag,1,"I agree that the ""dr"
8g8fhd,Sapphyrre,SenorButtmunch,dy9s7gm,1,I'm not sure what yo
8g8fhd,Sapphyrre,SenorButtmunch,dy9s7gm,1,I'm not sure what yo
8g8fhd,Wolfengristl,SenorButtmunch,dy9s7gm,1,I'm not sure what yo
8g8fhd,PotRoastPotato,En-Zu,dy9lv34,1,I sympathize with th
8g8fhd,mudra311,BlackRobedMage,dyawrz9,1,"It is, because it's "
8laguu,OP,toldyaso,dze0p52,1,"""In my opinion racis"
8laguu,OP,ricksc-137,dze0oq6,1,I get your overall p
8laguu,OP,IHAQ,dze2nb8,1,[Quote] That's preci
8laguu,OP,bertiebees,dze52pm,1,The classism is in t
8laguu,OP,Chewbacta,dze54bt,1,Even if we overshot 
8laguu,OP,toldyaso,dze6kna,1,The division is alre
8laguu,OP,QAnontifa,dze95n6,1,Im just trying to ma
8laguu,OP,cheertina,dzeaydu,1,They can and they wi
89tcbj,OP,MyUsernameIsJudge,dwtd27n,1,Are you including si
89tcbj,OP,MyUsernameIsJudge,dwtd27n,1,Are you including si
89tcbj,OP,gster50,dwtdth5,1,https://www.nytimes.
89tcbj,OP,Tratopolous,dwtee4a,1,"Funny, I have observ"
89tcbj,OP,Nicolasv2,dwteb44,1,If a person is perfe
89tcbj,OP,LearnedButt,dwtewan,1,I would disagree and
89tcbj,OP,Cadfan17,dwtgo22,1,I think your perspec
89tcbj,Tratopolous,Willaguy,dwtglv4,1,It's relative to wha
89sy25,OP,cacheflow,dwta36a,1,What does 100% legal
89sy25,OP,heyandy889,dwtb2fw,1,[Quote] Source If ca
89sy25,OP,OhioAgainstTheWorld7,dwtt69i,1,Ok so first off I ju
89sy25,heyandy889,WRFinger,dwtxskq,1,Only objection: The 
89sy25,heyandy889,EternalPhi,dwtqpyn,1,[Quote] So you belie
89sy25,heyandy889,EternalPhi,dwu5v9m,1,[Quote] [Quote] This
89sy25,heyandy889,ouchimus,dwuzph9,1,I definitely see the
89sy25,ouchimus,heyandy889,dwv0jn3,1,It seems we have cir
8klaa8,OP,angels_fan,dz8l63w,1,You can mold the chi
8klaa8,OP,arrbos,dz8lqq7,1,Literally zero? Well
8klaa8,OP,waycooladenu,dz8idwv,1,More government aid 
8klaa8,OP,pheen0,dz8m0ie,1,I think that bunnyje
8klaa8,OP,yunyun333,dz8i7pd,1,some guys have a fet
8klaa8,OP,re5etx,dz8muaz,1,Something I don't se
8klaa8,OP,halci_on,dz8mtri,1,(On mobile so forgiv
8klaa8,OP,Tuokaerf10,dz8nscc,1,I’d probably say the
8g0njd,newpua_bie,empurrfekt,dy7xkyk,1,When someone decides
8g0njd,ZombieTurtle2,dreckmal,dy7zrpi,1,"Frankly, I agree wit"
8g0njd,arthur804,dreckmal,dy7zrpi,1,"Frankly, I agree wit"
8g0njd,RyanTheRyno,wordbird89,dy82859,1,If that's your argum
8g0njd,portiafimbriata,Veterex,dy8cahb,1,Probably because tha
8g0njd,Surpriseborrowing,KingInJello,dy82rpo,1,That comparison is n
8g0njd,SoraRyuuzaki,KingInJello,dy82rpo,1,That comparison is n
8g0njd,RideMammoth,BolshevikMuppet,dy7yeab,1,If I’m understanding
88sel9,OP,yyzjertl,dwmx0so,1,[Quote] We can tell 
88sel9,OP,dotlizard,dwn9wmo,1,To elaborate on u/ke
88sel9,yyzjertl,The_Real_Mongoose,dwngoix,1,"Linguist here, and o"
88sel9,wildheart19,RedactedEngineer,dwmwwm3,1,I think you're misin
88sel9,peacelovinhippy,The_Real_Mongoose,dwnk55b,1,"Yes, those people ar"
88sel9,aarr44,rpgamer28,dwmzx8d,1,One issue I see with
88sel9,ChucktheUnicorn,The_Real_Mongoose,dwny2mw,1,[Quote] I think it s
112i6qm,OP,jiwjh380,j8kfj2h,1,"""Just because I benc"
112i6qm,OP,shooketh_not_stireth,j8kgi6j,1,"""Then you should go "
112i6qm,OP,breckenridgeback,j8l1e29,1,"""What you're claimin"
112i6qm,OP,Fit-Order-9468,j8l22zp,1,"""Perhaps a better ap"
112i6qm,OP,ilikedoors47,j8l48ak,1,"""Person A is the wor"
112i6qm,OP,IndependenceAway8724,j8l4gd8,1,"""There have been cas"
112i6qm,OP,edit_aword,j8l6s2q,1,"""Male victim of dome"
112i6qm,OP,Fanace5,j8l70cq,1,"""You don't need to b"
112i6qm,OP,LordMarcel,j8l7kzw,1,"""&amp;gt;""Woman, are"
112i6qm,OP,Crayshack,j8l852z,1,"""I'm a pretty well t"
112i6qm,OP,Not-your-lawyer-,j8l96fu,1,"""&amp;gt;If there\['"
112i6qm,OP,shooketh_not_stireth,j8l9qhs,1,"""It is very easy for"
112i6qm,OP,AndieLaurie,j8la6sb,1,"""Kicks to the ball$ "
112i6qm,OP,Fifteen_inches,j8lcq59,1,"""You are kinda being"
112i6qm,OP,whater39,j8lcsr1,1,"""Strength is NOT the"
112i6qm,OP,AcrobaticAd9182,j8ldppf,1,"""Abuse by carers upo"
112i6qm,OP,frisbeescientist,j8lejg3,1,"""I mean the answer's"
112i6qm,OP,Nearbykingsmourne,j8lepj3,1,"""&amp;gt;""if you can"
112i6qm,OP,Egoy,j8lfh95,1,"""My wife is a reside"
112i6qm,OP,3rdCoastChad,j8lg2lp,1,"""Your entire point o"
112i6qm,OP,FuckdaddyFlex,j8lgxts,1,"""&amp;gt;I mean ""Jus"
112i6qm,OP,Genderless_Anarchist,j8lh8n7,1,"""&amp;gt; ""Woman, ar"
112i6qm,OP,OkArgument8192,j8li1zq,1,"""It's more than a fe"
112i6qm,OP,littletuxcat,j8li7e6,1,"""A lot of your respo"
112i6qm,OP,Morasain,j8lixc6,1,"""Humans are incredib"
112i6qm,OP,FriendlyCraig,j8ljsyp,1,"""You can win a fight"
112i6qm,OP,sawdeanz,j8lk9ak,1,"""Frankly I think you"
112i6qm,OP,Basketballjuice,j8ll5x4,1,"""Heh. I have known s"
112i6qm,OP,blitzy_chan,j8llg9l,1,"""I think you're seve"
112i6qm,OP,KikiYuyu,j8ln94o,1,"""&amp;gt;Yes, I know"
112i6qm,OP,ToKillAMockingAudi,j8lorcf,1,"""Your entire argumen"
112i6qm,OP,GnollInVoid,j8loh4d,1,"""As a victim of an a"
112i6qm,OP,ohgirlfitup,j8lpaqi,1,"""Anyone is capable o"
112i6qm,OP,Blamb05,j8lpryh,1,"""There was a news ar"
112i6qm,OP,Ok_Ad1402,j8n7o8s,1,"""I mean, maybe you'r"
112i6qm,OP,Help-Me-Build-This,j8n8gnu,1,"""Typically in physic"
112i6qm,OP,alidmar,j8nbsmr,1,"""I don't know if thi"
112i6qm,OP,Individual_Glove3074,j8ncct6,1,"""People's physicalit"
112i6qm,OP,RaysAreBaes,j8ncymq,1,"""In a general sense,"
112i6qm,OP,JordieCarr96,j8ndzs2,1,"""I’m a 6’4” male and"
112i6qm,OP,YoungEmperorLBJ,j8ne32o,1,"""Was physically abus"
112i6qm,OP,Ok_Atyourword,j8nfetu,1,"""I just want to poin"
112i6qm,OP,Y0UR3-N0-D4ISY,j8nh9e7,1,"""These are Canadian "
112i6qm,OP,yepppthatsme,j8nkh0a,1,"""#1. My ex of 8 year"
112i6qm,OP,DarthRattus,j8nn2b5,1,"""Did you edit in the"
112i6qm,OP,Anchuinse,j8o358m,1,"""&amp;gt;i already d"
112i6qm,OP,Wintermute815,j8o3ive,1,"""When my ex wife, wh"
112i6qm,OP,merchillio,j8o517l,1,"""I’d say my strength"
112i6qm,OP,NActhulhu,j8o5rpo,1,"""&amp;gt;Ehhhh not r"
112i6qm,OP,HeseltineFadingFast,j8o81mr,1,"""Most men rightfully"
112i6qm,OP,drkztan,j8ovjwu,1,"""&amp;gt;as I saw it"
112i6qm,OP,Ok_Ad1402,j8owbpe,1,"""Do you believe it's"
112i6qm,OP,shadowhunter742,j8p7wj1,1,"""Besides the fact th"
112i6qm,OP,cherflugen,j8pdmu8,1,"""Youre argument is t"
112i6qm,OP,nickyfrags69,j8pfkup,1,"""Ronda Rousey in her"
112i6qm,OP,Enygmaz,j8pg0yp,1,"""I have a friend who"
112i6qm,OP,vimy745,j8pih16,1,"""The physicality of "
112i6qm,OP,jimmytaco6,j8pk72f,1,"""Do you genuinely be"
112i6qm,OP,MonsoonQueen9081,j8see3f,1,"""As a female who has"
112i6qm,OP,thinflesh,j8sfs2m,1,"""I watched my dad ge"
112i6qm,OP,Butter_Toe,j8sg0cu,1,"""No need to even rea"
112i6qm,OP,Relevant_Maybe6747,j9hoq7m,1,"""I guess I don’t rea"
8dxp03,OP,flamedragon822,dxqtlag,1,But we do have giant
8dxp03,OP,Chronic_Apathy1,dxqsp0x,1,It's largely a matte
8dxp03,OP,yyzjertl,dxqsuvk,1,Your premise is flaw
8dxp03,OP,Gladix,dxr91w6,1,[Quote] How come? Th
8dxp03,OP,BlindPelican,dxrdmwq,1,I do understand your
8dxp03,falcon4287,yyzjertl,dxqsuvk,1,Your premise is flaw
8dxp03,falcon4287,Chronic_Apathy1,dxqsp0x,1,It's largely a matte
8emfck,OP,FatherBrownstone,dxwbuf8,1,STEM and STEAM are d
8emfck,OP,PreacherJudge,dxwd44w,1,I think you're missi
8emfck,OP,_Locksmith,dxwxs09,1,Please allow me to c
8emfck,OP,SushiAndWoW,dxwz657,1,[Quote] The pendulum
8emfck,OP,Throtex,dxxbsso,1,You don't need to ap
8emfck,OP,flipdark95,dxxhg0l,1,Art as I understand 
8emfck,criticalcontext,Throtex,dxxsnit,1,Surely lots of thing
8nbakn,OP,ariverboatgambler,dzu7t1r,1,I'm not trying to be
8nbakn,OP,AnythingApplied,dzu7lzm,1,To quote Theodore Ro
8nbakn,OP,Rpgwaiter,dzu7g9l,1,I'm not sure what yo
8nbakn,OP,rehcsel,dzu771k,1,Hedonism is generall
8nbakn,OP,BruinsMurph,dzu9153,1,"Well, I might say yo"
8nbakn,OP,ChipsterA1,dzulwfn,1,"Absolutely, life has"
8nbakn,OP,emreu,dzuhihb,1,I would suggest read
8g9eth,OP,hacksoncode,dy9z9mq,1,"Ultimately, the basi"
8g9eth,OP,jzpenny,dy9x7qp,1,Having a messy room 
8g9eth,OP,jzpenny,dy9x7qp,1,Having a messy room 
8g9eth,OP,AnythingApplied,dy9uhxa,1,[Quote] How realisti
8g9eth,OP,IHAQ,dy9tpob,1,Okay - I get the gis
8g9eth,OP,antizana,dy9ycmf,1,I am a messy person.
8g9eth,hq_delivery,mfDandP,dy9tdv7,1, disaster debris is 
8lk1zt,OP,blue-sunrising,dzg6zww,1,"Also, you have to ke"
8lk1zt,OP,noobtube27,dzg4e7w,1,The underlying math 
8lk1zt,OP,Tapeleg91,dzg5rek,1,Ooooh yeah. Once we 
8lk1zt,OP,scottevil110,dzg78va,1,Even if you feel lik
8lk1zt,OP,47ca05e6209a317a8fb3,dzg40kc,1,As a software engine
8lk1zt,OP,AnythingApplied,dzg87kf,1,All degrees have two
8lk1zt,OP,noobtube27,dzg6419,1,"Absolutely, the firs"
8kvn2l,OP,SleeplessinRedditle,dzav4z5,1,These have been issu
8kvn2l,OP,PreacherJudge,dzav5vu,1,[Quote] The problem 
8kvn2l,OP,kirithkor,dzawqpg,1,I just mean that the
8kvn2l,OP,rrsn,dzbhx2p,1,[Quote] That'd be ni
8kvn2l,OP,FMural,dzbm5br,1,"The problem is, if w"
8kvn2l,OP,StaySpooky420,dzby5mr,1,I'm inclined to agre
8kvn2l,OP,Zaptruder,dzc1k6t,1,Well... being told y
8m5b53,OP,fireballs619,dzky57y,1,It depends on what y
8m5b53,OP,PreacherJudge,dzky7qo,1,"[Quote] ""Men are hig"
8m5b53,OP,CockyAndHot,dzky1jp,1,Communication abilit
8m5b53,OP,videoninja,dzl0o3s,1,Just on the issue of
8m5b53,OP,canadiain,dzkz6db,1,I can respectfully d
8m5b53,OP,family_of_trees,dzl1nyl,1,[Quote] Women have d
8m5b53,OP,Huntingmoa,dzkz096,1,[Quote] Men *do* hav
89nznx,OP,fox-mcleod,dwseh6j,1,What do you mean by:
89nznx,OP,darwin2500,dwsfpkk,1,There is no such thi
89nznx,OP,eccophonics,dwsekjj,1,[Quote] Yes and no. 
89nznx,OP,Chen19960615,dwsefnb,1,[Quote] You don't ne
89nznx,OP,darwin2500,dwsffew,1,I think your whole p
89nznx,OP,Burflax,dwsc984,1,Saying we can't know
89nznx,OP,bguy74,dwtdndk,1,"Yes, I believe you'r"
8evjgb,OP,zekfen,dxyg42l,1,I get where you are 
8evjgb,OP,MyUsernameIsJudge,dxygq4z,1,I think I understand
8evjgb,OP,gladrag3006,dxyjf8k,1,I understand that el
8evjgb,OP,FatherBrownstone,dxymyjn,1,Maybe the South gets
8evjgb,OP,fatty_tines,dxyrad7,1,so much agree! Raise
8evjgb,OP,MikeMcK83,dxywrk2,1,"Just to mention, I d"
8evjgb,OP,GoldenEst82,dy0796d,1,"I too, will take iss"
8d17se,OP,LilSebs_MrsF,dxjfv7z,1,"[Quote] No, some whi"
8d17se,OP,Iswallowedafly,dxjigyu,1,All the ones that co
8d17se,OP,kublahkoala,dxjigbt,1,Every attempt to com
8d17se,OP,AxesofAnvil,dxji4we,1,[Quote] The point is
8d17se,OP,PallidAthena,dxjig0o,1,Your privilege was b
8d17se,OP,same_as_always,dxkke2i,1,A way I described it
8d17se,OP,AudioDope562,dxjpd8s,1,I grew up working cl
62nqsy,Bobby_Cement,VStarffin,dfo04vs,1,You seem to be viewi
62nqsy,Bobby_Cement,VStarffin,dfo04vs,1,You seem to be viewi
62nqsy,Bobby_Cement,VStarffin,dfo04vs,1,You seem to be viewi
62nqsy,Bobby_Cement,VStarffin,dfo04vs,1,You seem to be viewi
62nqsy,Bobby_Cement,VStarffin,dfo04vs,1,You seem to be viewi
62nqsy,Bobby_Cement,VStarffin,dfo04vs,1,You seem to be viewi
62nqsy,Bobby_Cement,VStarffin,dfo04vs,1,You seem to be viewi
62nqsy,Bobby_Cement,VStarffin,dfo04vs,1,You seem to be viewi
62nqsy,Bobby_Cement,VStarffin,dfo04vs,1,You seem to be viewi
62nqsy,Bobby_Cement,VStarffin,dfo04vs,1,You seem to be viewi
62nqsy,Bobby_Cement,VStarffin,dfo04vs,1,You seem to be viewi
62nqsy,Bobby_Cement,VStarffin,dfo04vs,1,You seem to be viewi
62nqsy,Bobby_Cement,VStarffin,dfo04vs,1,You seem to be viewi
62nqsy,Bobby_Cement,VStarffin,dfo04vs,1,You seem to be viewi
62nqsy,Bobby_Cement,VStarffin,dfo04vs,1,You seem to be viewi
62nqsy,Bobby_Cement,VStarffin,dfo04vs,1,You seem to be viewi
62nqsy,Bobby_Cement,VStarffin,dfo04vs,1,You seem to be viewi
62nqsy,Bobby_Cement,VStarffin,dfo04vs,1,You seem to be viewi
8gp10a,OP,Nicolasv2,dydlcsw,1,A better example wou
8gp10a,OP,NSEA_Protector,dydjdwk,1,I will try to addres
8gp10a,OP,paosnes,dyefs6f,1,I agree with the bul
8gp10a,OP,LibertyTerp,dye45a4,1,Government and polit
8gp10a,OP,Inelukie,dydxf78,1,"Well, I'd put a diff"
8gp10a,OP,basilone,dydv301,1,As someone majoring 
8gp10a,OP,Inelukie,dydo41e,1,I'd reject your appr
8nhs0e,OP,veggiesama,dzvklsl,1,[Quote] If I call yo
8nhs0e,OP,RoToR44,dzviwar,1,"Well, I find that th"
8nhs0e,OP,Linuxmoose5000,dzvxzhm,1,[Quote] Of course it
8nhs0e,OP,skippygo,dzw2nkv,1,The fact that you wo
8nhs0e,lumphie,RoToR44,dzviwar,1,"Well, I find that th"
8nhs0e,SwordLaker,RoToR44,dzviwar,1,"Well, I find that th"
8nhs0e,ladut,veggiesama,dzvklsl,1,[Quote] If I call yo
8evov3,imaswedishpagan,growflet,dxygnaj,1,Transgender Woman he
8evov3,tofuriku,growflet,dxygnaj,1,Transgender Woman he
8evov3,Naaabbb,waldrop02,dxz66a1,1,[Quote] The biologic
8evov3,tofuriku,leftycartoons,dxyjpcc,1,It's not racist to n
8evov3,Pandemic21,heyzeus_,dy1ntgb,1,"Personally, I would "
8evov3,Pandemic21,heyzeus_,dy1ntgb,1,"Personally, I would "
8evov3,Pandemic21,videoninja,dy1p77z,1,I'm surprised to see
8m26kg,OP,RoToR44,dzka4kp,1,As a citizen of a co
8m26kg,OP,squirrelinthetree,dzk80z1,1,Celsius scale is bas
8m26kg,OP,rehcsel,dzk71mt,1,Just to tack on I be
8m26kg,OP,10twenty4,dzkg328,1,"Yes, that's what I s"
8m26kg,OP,Davedamon,dzkimi9,1,But I've shown that 
8m26kg,OP,theholewizard,dzkkg6v,1,If it we're measured
8m26kg,OP,Davedamon,dzkl5ps,1,Thank you for the de
8m2g4k,OP,ralph-j,dzkc1bc,1,I think I misunderst
8m2g4k,OP,Thehusseler,dzkgq00,1,You mention that you
8m2g4k,OP,ThatSpencerGuy,dzki6h8,1,"OK, so let's take a "
8m2g4k,OP,agaminon22,dzknj93,1,"[Quote] Yes, but tha"
8m2g4k,OP,ralph-j,dzko9d6,1,[Quote] I didn't say
8m2g4k,OP,juan_mvd,dzkortx,1,My issue with free w
8lu98p,OP,laponhs,dzig5v1,1,They have a very rea
8lu98p,OP,Judicator01,dzilzpc,1,They are not an irre
8lu98p,OP,Frekkes,dziovym,1,Fair enough. I actua
8lu98p,OP,ericoahu,dzipjgo,1,I think you are righ
8lu98p,OP,GingerRazz,dzjcs0h,1,I can agree that the
8lu98p,AkariWinsAtLife,Puncomfortable,dzitv01,1,"Easy, internet porn."
8nl7ry,OP,Slenderpman,dzwc5cg,1,Married people (on a
8nl7ry,OP,rehcsel,dzwccc2,1,It's different becau
8nl7ry,OP,BolshevikMuppet,dzwgxyk,1,In a lot of practica
8nl7ry,OP,iron-city,dzwhaij,1,That would also assu
8nl7ry,OP,BolshevikMuppet,dzwhmpo,1,The tax benefits of 
8nl7ry,OP,Huntingmoa,dzwi0sa,1,The government can't
8k0a2u,OP,Trotlife,dz3w6n1,1,So what is the statu
8k0a2u,OP,kingbane2,dz3wn0i,1,the people knowingly
8k0a2u,OP,Trotlife,dz3x6u9,1,1948 wasn't that lon
8k0a2u,OP,Trotlife,dz3y39b,1,it's a tricky answer
8k0a2u,OP,theUnmutual6,dz3zju1,1,[Quote] I certainly 
8k0a2u,OP,theUnmutual6,dz3zywr,1,"RE: restoring lands,"
7nm5m8,OP,fox-mcleod,ds2sitj,1,Training yourself. H
7nm5m8,OP,ladnakahva,ds2x0l4,1,"""You would have died"
7nm5m8,OP,publicdefecation,ds3026r,1,A life where you are
7nm5m8,OP,mthiem,ds30ikh,1,From a physiological
7nm5m8,OP,VoodooManchester,ds39gc8,1,Joy is subjective. I
7nm5m8,OP,ixanonyousxi,ds33pzt,1,Ok cool. So you get 
7nm5m8,OP,Ratfor,ds39ycn,1,The joy in life does
7nm5m8,OP,The_Hedonistic_Stoic,ds3dlch,1,Joy in life comes fr
7nm5m8,OP,Nyxto,ds3g2e5,1,The real trick is be
7nm5m8,OP,biggulpfiction,ds3ijxm,1,So there's two diffe
7nm5m8,OP,ThisIsMeYoRightHere,ds3jlxp,1,I'm reminded of a st
7nm5m8,OP,JamesDevitt,ds4fese,1,Well to make an exam
7nm5m8,OP,Anzai,ds44z1i,1,You can take the sma
7nm5m8,OP,ixanonyousxi,ds42tnk,1,[Quote] What I take 
7nm5m8,OP,Trenks,ds45g24,1,How old are you? You
7nm5m8,Thatweirdnerd25,ixanonyousxi,ds33pzt,1,Ok cool. So you get 
7nm5m8,RyanFont,ixanonyousxi,ds33pzt,1,Ok cool. So you get 
8jmd1t,OP,foot_kisser,dz0skhd,1,The purpose of allow
8jmd1t,OP,Forcistus,dz0qkjj,1,You state in your vi
8jmd1t,OP,J_Man007,dz1elsj,1,An objective approac
8jmd1t,OP,cyronius,dz1esya,1,[Quote] I'm transgen
8jmd1t,Gugulen1,foot_kisser,dz0skhd,1,The purpose of allow
8jmd1t,Nicolasv2,chasingstatues,dz56qi7,1,[Quote] I think you 
8dv7zi,ShapersB,FatherBrownstone,dxq8j4f,1,"If you're in jail, y"
8dv7zi,AnonymousPi,FatherBrownstone,dxq8j4f,1,"If you're in jail, y"
8dv7zi,HeathenArmy,whales171,dxqlk27,1,Because the punishme
8dv7zi,whales171,KYZ123,dxr96dp,1,"[Quote] Vengeance, w"
8dv7zi,boxdreper,ShapersB,dxvukt5,1,I'm well aware of wh
8dv7zi,appropriate-username,pfundie,dxy5w8k,1,I think the biggest 
8g9our,OP,FatherBrownstone,dy9z79e,1,As *Homo sapiens* hu
8g9our,OP,FatherBrownstone,dya0j4i,1,I think it's dangero
8g9our,OP,barbecue_,dya4qcs,1,You have listed seve
8g9our,OP,barbecue_,dya4qcs,1,You have listed seve
8g9our,OP,IHAQ,dya6dos,1,"[Quote] Fair, so let"
8g9our,OP,FatherBrownstone,dyafrsy,1,I believe that consc
8kn5mq,OP,Prophylact,dz8yzos,1,Here's the thing. Ev
8kn5mq,OP,ralph-j,dz90bh7,1,[Quote] Even if we a
8kn5mq,OP,Andalite_Jedi,dz905rs,1,You're claiming that
8kn5mq,OP,mystini,dz901nj,1,But - the future you
8kn5mq,OP,WookieeFromUlster,dz90rtm,1,[Quote] Sure. If you
8kn5mq,OP,Paninic,dz90rss,1,[Quote] Are you a ma
8bhsfb,OP,Ansuz07,dx6s0gk,1,I'm going to challen
8bhsfb,OP,karnim,dx6xhm9,1,If a skinny person i
8bhsfb,OP,SubterraneanBull,dx6t4k9,1,Well if we look at j
8bhsfb,OP,ijrjtpk,dx7aau5,1,No you misread my co
8bhsfb,OP,MechanicalEngineEar,dx7vmi3,1,I would say that the
8bhsfb,OP,anotherlebowski,dx7ysvf,1,The are cases where 
8bu1h3,OP,LID919,dx9mg4s,1,Think about all the 
8bu1h3,OP,Bizeran,dx9mj8j,1,This idea that you a
8bu1h3,OP,electronics12345,dx9mkvu,1,Look at your hands. 
8bu1h3,OP,Bizeran,dx9n77l,1,It’s good. Tbh human
8bu1h3,OP,Tratopolous,dx9ntfa,1,"Right, its like the "
8bu1h3,OP,DCarrier,dxadp8s,1,There's a simple way
8ikss4,OP,cdb03b,dysm981,1,He would be arrested
8ikss4,OP,TimTackwell,dysnf28,1,Trump has treated Se
8ikss4,OP,tbdabbholm,dyslvgc,1,Why wouldn't they? T
8ikss4,OP,dispirited-centrist,dysnfxp,1,Civilians wouldnt ha
8ikss4,OP,SurprisedPotato,dysnp0r,1,If they were confide
8ikss4,electronics12345,tbdabbholm,dysmug1,1,No. The Twentieth Am
7ilwbl,OP,trinitronbxb,dqzshav,1,[Quote] I wish I kne
7ilwbl,OP,green_amethyst,dr0k7fa,1,That's like saying t
7ilwbl,OP,PermafrostHeart,dr1m42l,1,[Quote] Why is sixte
7ilwbl,OP,PermafrostHeart,dr2ivc3,1,[Quote] Say you have
7ilwbl,OP,PermafrostHeart,dr2in2v,1,One of the things it
7ilwbl,OP,PermafrostHeart,dr2jsud,1,"First of all, I'm so"
7ilwbl,OP,PermafrostHeart,dr2k2wj,1,Why do you think tha
7ilwbl,OP,PermafrostHeart,dr2jlxr,1,[Quote] But you aren
7ilwbl,OP,LiteralWhiteGenocide,dr2jon0,1,My man. You seem to 
7ilwbl,OP,PermafrostHeart,dr2lgor,1,[Quote] I haven't se
7ilwbl,OP,PermafrostHeart,dr2n46s,1,[Quote] Do the peopl
7ilwbl,OP,PermafrostHeart,dr2nbb6,1,"Eh, past sexual habi"
7ilwbl,OP,LiteralWhiteGenocide,dr2nd7z,1,The only thing that 
7ilwbl,OP,PermafrostHeart,dr2o58g,1,[Quote] Nope. Sex do
7ilwbl,OP,PermafrostHeart,dr2of9u,1,How long have you se
8ehke2,OP,erik_dawn_knight,dxvaf79,1,From your NPR source
8ehke2,OP,Iswallowedafly,dxva7y4,1,Those guys were in t
8ehke2,OP,videoninja,dxvcb6g,1,But if people are sa
8ehke2,OP,McKoijion,dxv9lvt,1,[Quote] The manager 
8ehke2,OP,jennysequa,dxvb1ky,1,"[Quote] ""These men"" "
8ehke2,OP,nezmito,dxvev5d,1,It seems like a lot 
8gvdze,OP,caw81,dyf0jz7,1,What stops a person 
8gvdze,OP,huadpe,dyf0ipi,1,STV is not the only 
8gvdze,OP,Mozart_Sixth,dyf2ixa,1,[Quote] Why is that 
8gvdze,OP,47ca05e6209a317a8fb3,dyf3uzr,1,I think that could h
8gvdze,OP,47ca05e6209a317a8fb3,dyf5q90,1,This is still a prob
8gvdze,OP,huadpe,dygvibg,1,"[Quote] To be clear,"
5ttr0o,OP,yoloswagninetieskids,ddozaxd,1,What I've read in th
5ttr0o,OP,CoyotePatronus,ddoyzax,1,I'm confused. Who is
5ttr0o,OP,PreacherJudge,ddozt19,1,[Quote] This doesn't
5ttr0o,OP,spotted-hyena,ddp0cvb,1,There is no *logical
5ttr0o,OP,chasingstatues,ddp1s1n,1,Are you saying it's 
5ttr0o,OP,Happy_Laugh_Guy,ddp1tnw,1,[Quote] There are pl
5ttr0o,OP,spotted-hyena,ddp1zn7,1,You have existence a
5ttr0o,OP,CoyotePatronus,ddp3g0z,1,"It is, but kudos on "
5ttr0o,OP,-AragornElessar-,ddp2a6d,1,Logic is not answer 
5ttr0o,OP,spotted-hyena,ddp2nns,1,Which seems to imply
5ttr0o,OP,spotted-hyena,ddp4ow7,1,I also wanted to say
5ttr0o,OP,HyliaSymphonic,ddpcebn,1,Though I wouldn't bl
5ttr0o,OP,lostthemap,ddpeuv1,1,"So, uh, throwing in "
5ttr0o,OP,palacesofparagraphs,ddpdrdv,1,It depends on what y
5ttr0o,OP,dripless_cactus,ddpbhfr,1,I used to vaguely be
5ttr0o,OP,OneOwl,ddq4zcx,1,I know you changed y
8gf3cd,OP,JorahTheExplorer,dybb7a0,1,"I'm gonna be honest,"
8gf3cd,DogsMakeUpTheDark,Djinn_and_juice,dybfkfk,1,I totally understand
8gf3cd,DogsMakeUpTheDark,Djinn_and_juice,dybfkfk,1,I totally understand
8gf3cd,jjklawrence,qudsias,e08t3j3,1,While reading books 
8gf3cd,jjklawrence,qudsias,e08t3j3,1,While reading books 
8gf3cd,sabakthar,qudsias,e08t3j3,1,While reading books 
8gf3cd,Kinmingal,qudsias,e08t3j3,1,While reading books 
8hxpvz,OP,tbdabbholm,dynampo,1,No Germany was in a 
8hxpvz,OP,Galavana,dynaxxi,1,Personal sacrifice d
8hxpvz,OP,Status_Flux,dynaron,1,Here's one of many p
8hxpvz,OP,10twenty4,dynbij0,1,Populations grow exp
8hxpvz,OP,Enigmatic_Android,dync9ku,1,He is still making a
8hxpvz,OP,deeman010,dyod21s,1,I asked the mods bec
8mbq9h,OP,tbdabbholm,dzmat5s,1,Eggplant pairs bette
8mbq9h,OP,karnim,dzmb73j,1,A banana is a classi
8mbq9h,OP,galacticsuperkelp,dzma8c6,1,Can you fuck yoursel
8mbq9h,OP,ThisIsMeYoRightHere,dzmmmz7,1,I submit for your co
8mbq9h,OP,Tarantio,dzmcl1m,1,Rockets can represen
8mbq9h,OP,EuphoricNeckbeard,dzn0fb6,1,You can't eat a rock
8biowe,OP,Huntingmoa,dx6ztdn,1,[Quote] Better for w
8biowe,OP,deanveloper,dx7ur05,1,Subreddits having th
8biowe,OP,QuantumLeapsHigher,dx862aq,1,[Quote] I would find
8biowe,OP,TrialAndAaron,dx8n1op,1,"OP, I know it's been"
8biowe,spike12385,Roller95,dx73myc,1,The app has one majo
8biowe,YawningTurkeyEvery1,Roller95,dx73myc,1,The app has one majo
7l1jsr,OP,carasci,drj0c0c,1,I *am* (almost) a la
7l1jsr,OP,47ca05e6209a317a8fb3,driqxk6,1,Most laws that apply
7l1jsr,OP,Ansuz07,drirxx7,1,[Quote] He isn't tal
7l1jsr,OP,ralph-j,dris8ue,1,[Quote] I'm all for 
7l1jsr,OP,Huntingmoa,drir1hs,1,The issue is that ch
7l1jsr,OP,goatforpope,dritca3,1,Do you believe that 
7l1jsr,OP,alpicola,driwn8s,1,Reading through your
7l1jsr,OP,VoodooManchester,drj37qv,1,The US legal system 
7l1jsr,OP,Nicolasv2,drir17n,1,Maybe there is a com
7l1jsr,OP,KevinWester,drirx9g,1,Are we talking all l
7l1jsr,OP,LiberalTerryN,driwr2k,1,Laws govern particul
7l1jsr,OP,Keldon_Class,drj0dmj,1,Not all laws are cri
7l1jsr,OP,AlexandreZani,drj1x1e,1,I sort of agree with
7l1jsr,OP,TI_Pirate,drj2b2p,1,Laws like the UCC ca
7l1jsr,OP,BolshevikMuppet,drj8wx1,1,I'll do my best to a
5p9a5d,OP,adelie42,dcqlytm,1,"Well, right now 80% "
5p9a5d,OP,Hyta,dcpupka,1,"**[Quote]** No, you "
5p9a5d,OP,DashingLeech,dcpn1mk,1,I see where this is 
5p9a5d,OP,rafertyjones,dcpjkow,1,I have literally jus
5p9a5d,OP,McKoijion,dcpjv40,1,**Quote]** Not neces
5p9a5d,OP,McKoijion,dcs4nj4,1,Expensive CEO's unde
5p9a5d,OP,josiahstevenson,dcs5dcn,1,Most (slightly more 
5p9a5d,OP,josiahstevenson,dcs5u6g,1,**[Quote]** At least
5p9a5d,OP,josiahstevenson,dcs7p4v,1,Depends. Jobs where 
5p9a5d,OP,abittooshort,dcsj6r0,1,When you pay money i
5p9a5d,OP,getmoney7356,dcsdrpe,1,I'm not going to giv
5p9a5d,OP,abittooshort,dcsj6r0,1,When you pay money i
5p9a5d,OP,NewYorkerinGeorgia,dct46b1,1,"Unfortunately, I don"
5p9a5d,OP,aizxy,dct8mnz,1,Western Europe is si
5p9a5d,unsilviu,noxbl,dcpnf0x,1,**[Quote]** That's n
5p9a5d,noxbl,YouHaveNoRights,dcqnj93,1,**[Quote]** You've g
8jfefr,jobbww,championofobscurity,dyz89wp,1,We should just get r
8jfefr,aogmana,Super-Throwaway_64,dyzpef4,1,Assuming the draft i
8jfefr,Sacredless,Super-Throwaway_64,dyzpef4,1,Assuming the draft i
8jfefr,drkalmenius,Super-Throwaway_64,dyzpef4,1,Assuming the draft i
8jfefr,CreamyGoodnss,Hwga_lurker_tw,dyzt6mh,1,The Vietnam War that
8jfefr,KuKluxCon,sirxez,dz02wsc,1,See my other reply :
8a9r3h,OP,MyUsernameIsJudge,dwwwbiu,1,It's commonly referr
8a9r3h,OP,Ansuz07,dwwwfwn,1,This is a really tri
8a9r3h,OP,thisisnotariot,dwyg85q,1,There’s a major reas
8a9r3h,OP,apparentlyapparent,dwy863c,1,I work for tsa so I 
8a9r3h,TheloniusMusk,hacksoncode,dwx2umq,1,I think you're forge
113xi6b,OP,TripRichert,j8svsz2,1,"""grocery store flowe"
113xi6b,OP,mimizuke,j8t06t3,1,"""The uselessness of "
113xi6b,OP,tidalbeing,j8t14p2,1,"""Ugh! Stuffed animal"
113xi6b,OP,destro23,j8t2ioj,1,"""&amp;gt; i just wan"
113xi6b,OP,-paperbrain-,j8t3eic,1,"""Counterpoint- -thei"
113xi6b,OP,kihoti,j8t6dk8,1,"""While I'm not a fan"
113xi6b,OP,tidalbeing,j8t6pgq,1,"""If you have a yard "
113xi6b,OP,gothicgamelabs,j8tc9wy,1,"""&amp;gt;What's the "
113xi6b,OP,tidalbeing,j8tehdt,1,"""Some flowers are ed"
113xi6b,OP,_Honeydukes_,j8teo9h,1,"""Food is also a good"
113xi6b,OP,EmptyVisage,j8tfrso,1,"""I have a vase, flow"
113xi6b,OP,joethebro96,j8th2ce,1,"""They aren't nice in"
113xi6b,OP,nickyfrags69,j8thevk,1,"""&amp;gt;i just want"
113xi6b,OP,jumpup,j8thm8q,1,"""you can dry flowers"
113xi6b,OP,Nskdicidnxj,j8tng3e,1,"""We're not comparing"
113xi6b,OP,YoungEmperorLBJ,j8to3tq,1,"""Here is what my wif"
113xi6b,OP,QueensOfTheNoKnowAge,j8tod5a,1,"""As a divorced man I"
113xi6b,OP,other_view12,j8tooka,1,"""Flowers are a bad g"
113xi6b,OP,OtherwiseTowel7757,j8tpbfd,1,"""I love flowers, the"
113xi6b,OP,GirlNamedEllie,j8tq8bo,1,"""""Death is the mothe"
113xi6b,OP,goatgnads,j8tqj6i,1,"""You must admit ther"
113xi6b,OP,letsgococonut,j8tr8zm,1,"""What I’m saying: th"
113xi6b,OP,mackenzor,j8trync,1,"""Is enjoying the aes"
113xi6b,OP,My-cat-made-me-do-it,j8tsbo0,1,"""I mean this isn’t r"
113xi6b,OP,Lessa22,j8tsiw7,1,"""Simply because they"
113xi6b,OP,iamintheforest,j8tt0au,1,"""Well....I have a ma"
113xi6b,OP,Simple_Feature2229,j8tt9jr,1,"""Oh okay my bad"""
113xi6b,OP,Tesdinic,j8ttq86,1,"""My partner tends to"
113xi6b,OP,Celestial_Ceramic,j8ttzih,1,"""Yep. Our vases that"
113xi6b,OP,lifejustsck0120,j8tu5xq,1,"""Hahahaha the analog"
113xi6b,OP,akebonobambusa,j8tulry,1,"""If nothing ever cha"
113xi6b,OP,littlelorax,j8tutf2,1,"""I love getting flow"
113xi6b,OP,rottenedteeth,j8tzff8,1,"""it doesn’t have to "
113xi6b,OP,MermsieRuffles,j8u6xgu,1,"""I can’t make you li"
113xi6b,OP,thinflesh,j8u77no,1,"""Sometimes it’s bett"
113xi6b,OP,Banankartong,j8uuazk,1,"""I agree when its ab"
113xi6b,OP,wavy-lays,j8xhnfx,1,"""I didn't scroll ver"
113xi6b,OP,mehchu,j8xkmnh,1,"""Following on from h"
113xi6b,OP,LewsTherinT,j8xmknt,1,"""Sometimes it's nice"
113xi6b,OP,Michutterbug,j8xnexx,1,"""Sarah Silverman sai"
113xi6b,OP,CosmiclyAcidic,j8xnjss,1,"""I usually used any "
113xi6b,OP,NemesisForgotten,j8xnv58,1,"""So, I am that perso"
113xi6b,OP,Annakinsky,ja98wfw,1,"""Giving and receivin"
113xi6b,OP,Alternative_Art8223,ja9968i,1,"""A small bundle of f"
113xi6b,OP,sanchiSancha,ja99v1d,1,"""They are short term"
113xi6b,OP,TheBroodWitch99,ja9a767,1,"""Flowers are pretty "
113xi6b,OP,kilpsy,ja9akai,1,"""I'm going to focus "
8al98n,OP,Tycho_B,dwztd1m,1,"Your definition of """
8al98n,OP,tryin2icesk8uphill,dwzpc4u,1,In order to actually
8al98n,OP,melonlollicholypop,dwzv0mz,1,[Quote] Reddit is a 
8al98n,Ranovex,Wewanotherthrowaway,dwzicxp,1,Sometimes people of 
8al98n,yakinikutabehoudai,StellarTabi,dx13u9h,1,I challenge the noti
vhmmj6,OP,AnotherBlackMidget,id81q25,1,"""From my personal ex"
vhmmj6,OP,MensaCurmudgeon,id82pst,1,"""Lesbian here. Biden"
vhmmj6,OP,forsakensleep,id8b09d,1,"""[Though conservativ"
vhmmj6,OP,Luapulu,id8fizy,1,"""Well, Hillary’s com"
vhmmj6,OP,Concrete_Grapes,id92e1h,1,"""Attacking this as s"
vhmmj6,OP,direwolf106,id9cmpt,1,"""I'm sure this is go"
vhmmj6,OP,cox_ph,id9gg1r,1,"""It's generally a ba"
vhmmj6,OP,Bawk-Bawk-A-Doo,id9vnlg,1,"""Both liberals and c"
vhmmj6,OP,xytsh,id9w9p7,1,"""https://www.philant"
vhmmj6,OP,1block,id9wgqk,1,"""You have not define"
vhmmj6,OP,babno,id9xbdy,1,"""[Despite making 6% "
vhmmj6,OP,dreamlike_poo,id9xsaz,1,"""I don't think it is"
vhmmj6,OP,PB0351,ida7p6u,1,"""Conservatives give "
vhmmj6,OP,Yangoose,idcncso,1,"""All the science I'v"
vhmmj6,OP,Godskook,idcsush,1,"""Not all charity is "
vhmmj6,OP,molten_dragon,idcvunh,1,"""&amp;gt; A conserva"
vhmmj6,OP,Pondernautics,idd7hdh,1,"""I’m a conservative."
vhmmj6,OP,DMC1001,iddgz9c,1,"""All political parti"
vhmmj6,OP,tuna_cowbell,iddua7h,1,"""Lots of academic re"
vhmmj6,OP,xela2004,iddw0lo,1,"""I live in the south"
vhmmj6,OP,snuggie_,iddyz06,1,"""Let me share someth"
vhmmj6,OP,HairyTough4489,ide00yf,1,"""Liberals and conser"
vhmmj6,OP,physioworld,ideb1wq,1,"""So, i'm gonna abstr"
vhmmj6,OP,BeginTheBlackParade,idej8as,1,"""Lol yep that's the "
vhmmj6,OP,brickmadness,idejx8c,1,"""I believe that libe"
vhmmj6,OP,Maximum-Country-149,idh4g6f,1,"""&amp;gt;When it com"
vhmmj6,OP,Sindaga,idh6ooe,1,"""I don't know how to"
vhmmj6,OP,Scary-Information678,idh74c9,1,"""This is studied htt"
vhmmj6,OP,MPPockets4,idh7dlc,1,"""Statistically, cons"
vhmmj6,OP,JostaDragon,idhd8q0,1,"""I believed this for"
vhmmj6,OP,blkarcher77,idhivm5,1,"""This is a matter th"
vhmmj6,OP,amit_kumar_gupta,idhqezf,1,"""Liberals fixate on "
vhmmj6,OP,mason3991,idhtcfr,1,"""Just some personal "
vhmmj6,OP,Gir247,idikn3x,1,"""Conservatives teach"
vhmmj6,OP,ImJustHereForCorn,idivxmm,1,"""Conservatives are w"
vhmmj6,OP,OneOfThemReadingType,idj1g1z,1,"""The basis of libera"
vhmmj6,OP,TheNeverEver,idj4zoj,1,"""Liberals care more "
vhmmj6,OP,TheAlabamaJedi,idkwyzv,1,"""It all is point of "
vhmmj6,OP,Moonblaze13,idl0w3m,1,"""If I may, I'd like "
vhmmj6,OP,ImJustHereForCorn,idmcl3c,1,"""Well I have a numbe"
vhmmj6,OP,MarkasaurusRex_19,idmllnt,1,"""When was the last t"
vhmmj6,OP,Winterstorm8932,idnadpd,1,"""A flip side perspec"
vhmmj6,OP,StarMNF,idukc0c,1,"""First of all, polit"
vhmmj6,cantfocuswontfocus,Concrete_Grapes,id9kmqb,1,"""Attacking this as s"
vhmmj6,leopardnation10,Concrete_Grapes,id9m353,1,"""Attacking this as s"
vhmmj6,Chr15ty,Concrete_Grapes,id9zupt,1,"""Attacking this as s"
vhmmj6,mmootygam,Concrete_Grapes,ida0blj,1,"""Attacking this as s"
6155xj,OP,YoungSerious,dfc54a0,1,[Quote] Women have a
6155xj,OP,KevinWester,dfbv0pv,1,So think of the worl
6155xj,OP,tunaonrye,dfbx807,1,Look at The World Ec
6155xj,OP,YoungSerious,dfc869m,1,"[Quote] Right, but w"
6155xj,OP,Hungry_Lion,dfc8cj1,1,You have it backward
6155xj,OP,moonflower,dfcduut,1,Right - so here we a
6155xj,OP,Putinshighheels,dfccffb,1,"Oh honey, law school"
6155xj,OP,Frankly_Scarlet,dfcfv0e,1,Your ideas necessari
6155xj,OP,kogus,dfckqjz,1,I've read through qu
6155xj,OP,InTheory_,dfcl2x2,1,"Though a guy, I agre"
6155xj,OP,remoteparts,dfdmlq4,1,My bet is less on mu
6155xj,OP,slytherin-by-night,dfe7li9,1,Well stress its a fu
6155xj,OP,M_de_Monty,dfesolm,1,Part of the issue wi
6155xj,OP,Operationalists,dff74qd,1,I would have withere
6155xj,hrg23,NowTimeDothWasteMe,dfc6tom,1,Depends. Select type
8mjg7d,OP,Ophis_UK,dzo5csk,1,I think there is a b
8mjg7d,OP,AffectionateTop,dzo571n,1,If you are not among
8mjg7d,OP,conventionistG,dzocsv7,1,Those wacky fringes 
8mjg7d,OP,Matthew_321,dzop2lw,1,Very interesting top
8mjg7d,heartles,abnormal_human,dzofqdy,1,I have taken a lot o
8nbksv,OP,Music_Tech,dzufi8v,1,Sure thing! Happy to
8nbksv,OP,PreacherJudge,dzufsnu,1,"Yeah, thinking about"
8nbksv,OP,BrianNowhere,dzv29kr,1,My thought is that r
8nbksv,eccitaze,chadonsunday,dzvfg5w,1,[Quote] It depends o
8nbksv,Music_Tech,MuaddibMcFly,dzw6tms,1,[Quote] People put f
8b8sb4,OP,Anqstrom,dx4slwg,1,You pointed out that
8b8sb4,OP,skyner13,dx4sp38,1,You said it yourself
8b8sb4,OP,callmesixone,dx50p8i,1,"Secularism, in gener"
8b8sb4,OP,ThePoliteCanadian,dx52lb6,1,I understand that by
8b8sb4,thewoodendesk,BastianBalthazar,dx5gapy,1,Have you heard of th
8grirz,OP,Arctus9819,dye0sv0,1,The ozone layer hole
8grirz,OP,MyUsernameIsJudge,dye0mlz,1,From the wikipedia a
8grirz,OP,TobyTheRobot,dye469u,1,[Quote] That seems u
8grirz,OP,Epistemic_Ian,dye3uzr,1,You’re correct that 
8grirz,Epistemic_Ian,lkesteloot,dyeiuwy,1,That 97% number come
8h49d1,OP,Navebippzy,dyh4e7x,1,[Quote] [Quote] I wo
8h49d1,OP,some_of_you_i_know,dyh7og5,1,I am not a member of
8h49d1,OP,Studlymuffinz007,dyh97ty,1,I personally am Morm
8h49d1,OP,CeilingUnlimited,dyhc10r,1,I realize this is a 
8h49d1,Traveledfarwestward,Navebippzy,dyh4e7x,1,[Quote] [Quote] I wo
8lq15a,OP,AnythingApplied,dzhn0s6,1,To respond to /r/Nuc
8lq15a,OP,A_Soporific,dzhndid,1,It took Michael Jord
8lq15a,OP,SanityInAnarchy,dzho2re,1,I can think of at le
8lq15a,OP,sokolov22,dzhp4rn,1,I am not going to ch
8lq15a,OP,A_Soporific,dzhpubn,1,Except you've never 
8ku7xl,OP,Genoscythe_,dzat2z8,1,[Quote] There is a b
8ku7xl,OP,radialomens,dzaup8b,1,Pregnancy is tough. 
8ku7xl,OP,neutralsky,dzbtnqh,1,[Quote] So you think
8ku7xl,OP,HazelGhost,dzd0kgj,1,[Quote] There are tw
8ku7xl,OP,DeleteriousEuphuism,dzb0zif,1,[Quote] I still am u
8jhh19,OP,yyzjertl,dyzqimp,1,Asset voting (for si
8jhh19,OP,tlorey823,dyzqbg8,1,I'm familiar with as
8jhh19,OP,tlorey823,dyzs9nd,1,"Lol, it could very w"
8jhh19,OP,yyzjertl,dz1lxqc,1,[Quote] What do you 
8jhh19,OP,yyzjertl,dz1pkor,1,Sure. Imagine we do 
8eyr5a,OP,spiritwear,dxz7ff8,1,If you change the wo
8eyr5a,OP,quantum_delta,dxz8q59,1,"OK, I think you mean"
8eyr5a,OP,clarinetEX,dxzaqm0,1,So you’re saying tha
8eyr5a,OP,ViewedFromTheOutside,dxzbafp,1,You've indicated els
8eyr5a,OP,parentheticalobject,dxzdck7,1,So presumably you ar
8bkiz7,OP,turned_into_a_newt,dx7hnsq,1,"I don't think ""hatre"
8bkiz7,OP,buddybabyboy,dx85pk0,1,This is purely anecd
8bkiz7,OP,Shawaii,dx80ib4,1,There is some fear/t
8bkiz7,OP,idealforms,dx7qarx,1,I won't argue the fi
8bkiz7,OP,electronics12345,dx7lxkh,1,Elitism is bad when 
8m229w,OP,Aclopolipse,dzk8egq,1,As someone who curre
8m229w,OP,bobdole12122,dzkqgz9,1,You're absolutely ri
8m229w,OP,xiipaoc,dzkrqkq,1,A couple of things. 
8m229w,OP,xiipaoc,dzkrqkq,1,A couple of things. 
8m229w,OP,mrgrigson,dzkzt44,1,The flaws you note a
62f9n7,OP,NaturalSelectorX,dfm305j,1,[Quote] Laws don't h
62f9n7,OP,LPLaw,dfn72yl,1,I personally feel un
62f9n7,OP,dermac,dfn2zdx,1,[Quote] At the cost 
62f9n7,OP,ruralife,dfmxg7x,1,The ladies room is m
62f9n7,OP,runs_in_circles,dfmqq6u,1,Considering the weig
62f9n7,OP,AnnaKarenina7423,dfmi3tk,1,"I'm a (cis) woman, a"
62f9n7,OP,CharlieChuu,dfmcmmi,1,The fact there was a
62f9n7,OP,selfdownvoterguy,dfm7g2v,1,Why make it apply to
62f9n7,OP,sarcazm,dfm9mle,1,"Okay. So, I've been "
62f9n7,OP,drawinkstuff,dfmotrf,1,People tend to notic
62f9n7,OP,metasymphony,dfmcqmn,1,I was pro unisex bat
62f9n7,luvianblue,AnnaKarenina7423,dfmi3tk,1,"I'm a (cis) woman, a"
62f9n7,almightySapling,AnnaKarenina7423,dfmi3tk,1,"I'm a (cis) woman, a"
62f9n7,hmath63,AnnaKarenina7423,dfmi3tk,1,"I'm a (cis) woman, a"
8e0p8u,OP,nodorioussmd,dxrh26q,1,Americans are largel
8e0p8u,OP,cupcakesarethedevil,dxriit8,1,1. He still hasn't b
8e0p8u,OP,sokolov22,dxrj1hj,1,1. Illegal border cr
8e0p8u,OP,MontiBurns,dxrj1t8,1,Biased media? Since 
8e0p8u,OP,Love_Shaq_Baby,dxrj8ak,1,[Quote] We weren't e
8dmcpl,OP,ArchiboldReesMogg,dxo8qws,1,I am not going to ar
8dmcpl,OP,FatherBrownstone,dxo9t78,1,You've given an exam
8dmcpl,OP,supernaut32,dxoax5e,1,It's not an article 
8dmcpl,OP,FatherBrownstone,dxob4fg,1,"The thing is, in thi"
8dmcpl,OP,PuckSR,dxolxby,1,"So, I would like to "
8dh84v,OP,Helpfulcloning,dxn3m8y,1,Positions in the mil
8dh84v,OP,bguy74,dxn3x3l,1,The number of jobs i
8dh84v,OP,ConceptualTrap,dxn5b1j,1,One thing that I'd p
8dh84v,OP,MyUsernameIsJudge,dxnadl1,1,Well at this point w
8dh84v,OP,serial_crusher,dxnanmv,1,You're still going t
8eyrv4,OP,SpockShotFirst,dxzcmge,1,It doesn't. https://
8eyrv4,OP,Re4XN,dxz78n8,1,[Quote] Wealth is no
8eyrv4,OP,SpockShotFirst,dxzd3rf,1,http://www.taxpolicy
8eyrv4,OP,Zeknichov,dxzbbqn,1,I caution taxing inc
8eyrv4,OP,SeldomSeven,dxz9rvn,1,There are a few ques
8bbuhs,OP,psudopsudo,dx5jo1v,1,I'm not sure about t
8bbuhs,OP,psudopsudo,dx5jo1v,1,I'm not sure about t
8bbuhs,OP,roylennigan,dx5kkn8,1,Lets take your race 
8bbuhs,OP,GoIdfinch,dx5kp6p,1,I consider the conce
8bbuhs,OP,epicazeroth,dx5kyuv,1,Of course they don't
8cf6k5,OP,interestme1,dxek49r,1,Though I agree with 
8cf6k5,OP,texas_accountant_guy,dxejpru,1,The only part I disa
8cf6k5,OP,Indon_Dasani,dxekl9l,1,Do you think it's be
8cf6k5,OP,airshowfan,dxf39m1,1,I have one point tha
8cf6k5,OP,galacticsuperkelp,dxegvoi,1,Sure social media ha
8efxwe,OP,kublahkoala,dxux4nb,1,Peterson is wrong on
8efxwe,OP,TheNutFlush,dxuxv26,1,I don't think you ne
8efxwe,OP,CreativeGPX,dxv17u8,1,I've listened to sev
8efxwe,OP,ClippinWings451,dxv3owq,1,It has been used spe
8efxwe,OP,CreativeGPX,dxyudj1,1,[Quote] This is a ve
8ciq5u,OP,landoindisguise,dxfa22n,1,Is your CMV about *j
8ciq5u,OP,Clockworkfrog,dxf9rii,1,The purpose of a gam
8ciq5u,OP,epicazeroth,dxfalt4,1,Video games have two
8ciq5u,OP,Glamdivasparkle,dxfasyy,1,The point of video g
8ciq5u,OP,NearbyBand,dxfb5v3,1,I don't think a chal
8ddhgl,OP,carlsonivan,dxm91w7,1,Courtesy is a type o
8ddhgl,OP,loopuleasa,dxm9q5f,1,"To be fair, in a rel"
8ddhgl,OP,prettylittleredditty,dxmg36r,1,I realize referencin
8ddhgl,OP,darwin2500,dxmephx,1,I think you're shelt
8ddhgl,OP,loopuleasa,dxmcsh9,1,I am not doing it ou
8g8b8v,OP,mysundayscheming,dy9l9wh,1,So do you think will
8g8b8v,OP,electronics12345,dy9l5tb,1,Assuming the decease
8g8b8v,OP,AnythingApplied,dy9ow30,1,[Quote] I can see a 
8g8b8v,OP,Hq3473,dy9ydji,1,"People, in general g"
8g8b8v,OP,antizana,dyanfkz,1,"Yes, I disagree with"
8btrrm,OP,limbodog,dx9n3i4,1,"Yes, that's what the"
8btrrm,OP,Extraneous-thoughts,dx9nwz2,1,America doesn't need
8btrrm,OP,superbluelobster,dx9oa58,1,I have noticed an up
8btrrm,OP,Zifna,dx9nd7j,1,I think you're going
8btrrm,OP,Mozart_Sixth,dx9r4gf,1,You're confusing wha
8flmg1,OP,Stiblex,dy4kqax,1,Consider the followi
8flmg1,OP,huadpe,dy4kzfu,1,A couple of points c
8flmg1,OP,temp697,dy4k4si,1,[Quote] I completely
8flmg1,OP,temp697,dy4k4si,1,[Quote] I completely
8flmg1,OP,BoozeoisPig,dy4l9e6,1,The biggest issue wi
8d9evn,OP,Slenderpman,dxlc4kk,1,Special interest gro
8d9evn,OP,mfDandP,dxlcqri,1,does the group lobby
8d9evn,OP,FatherBrownstone,dxlch1q,1,I'm going to argue w
8d9evn,OP,bguy74,dxlehmo,1,I think that asking 
8d9evn,OP,Ast3roth,dxlfn2x,1,I don't think it's p
8fql7t,OP,Hq3473,dy5t40a,1,[Quote] Then you sho
8fql7t,jrcabby,Hq3473,dy622bi,1,[Quote] Yes. [Quote]
8fql7t,GoyBeorge,SamtenLhari,dy68eu6,1,Murder is a legal co
8fql7t,sirxez,Teeklin,dy691zj,1,[Quote] I would argu
8fql7t,asparagusnsalmon,pokeykoala89,dy6boc8,1,What about a tumor? 
8ljzot,OP,MrCapitalismWildRide,dzg4e6c,1,[Quote] Resentment i
8ljzot,OP,47ca05e6209a317a8fb3,dzg4jta,1,But I think that's t
8ljzot,OP,Andalite_Jedi,dzg87qu,1,"[Quote] No, it isn't"
8ljzot,OP,cdb03b,dzg8xco,1,Not to the extent yo
8ljzot,OP,figsbar,dzga0np,1,(technically you are
8j78zu,OP,cdb03b,dyxvacf,1,You are the one who 
8j78zu,OP,reneno,dyzlowo,1,Because the goal of 
8j78zu,OP,oldmanjoe,dze1luv,1,[Quote] yes it does.
8j78zu,OP,oldmanjoe,dzwaiae,1,Let's start with cam
8j78zu,OP,oldmanjoe,e03k0q3,1,[Quote] Immigration 
8jerku,OP,fenderkruse,dyz5iwo,1,So would you agree t
8jerku,OP,fenderkruse,dyz5tl9,1,Ok so then why shoul
8jerku,OP,Hargbarglin,dyz8qa7,1,At the end of the da
8jerku,OP,DurtybOttLe,dyza8ym,1, [Quote] Weed is far
8jerku,OP,FuzzerPupper,dyzhiw6,1,"You ""don't care what"
5ppmx6,OP,palacesofparagraphs,dcszzpm,1,Cultural appropriati
5ppmx6,OP,stupidestpuppy,dcsxqrw,1,"The idea of ""cultura"
5ppmx6,OP,CornflowerIsland,dct1x59,1,So many people have 
5ppmx6,OP,smacksaw,dcu4l1c,1,Cultural appropriati
5ppmx6,Irony238,stupidestpuppy,dcsxqrw,1,"The idea of ""cultura"
5ppmx6,Fundamental-Ezalor,stupidestpuppy,dcsxqrw,1,"The idea of ""cultura"
5ppmx6,bostonT,CornflowerIsland,dct1x59,1,So many people have 
5ppmx6,deader115,CornflowerIsland,dct1x59,1,So many people have 
5ppmx6,CornflowerIsland,bananafreesince93,dctj0gn,1,**[Quote]** This sou
5ppmx6,CornflowerIsland,veryreasonable,dctjtzg,1,**[Quote]** So I'm n
5ppmx6,sadisticsmurf,CornflowerIsland,dct1x59,1,So many people have 
5ppmx6,Siiimo,CornflowerIsland,dcusokp,1,Agreed. I did try to
5ppmx6,PlitterMePretty,CornflowerIsland,dct1x59,1,Edit: Before anyone 
8nkdpb,OP,teerre,dzw48xb,1,You have the power t
8nkdpb,OP,neofederalist,dzw4ym5,1,We can extend this p
8nkdpb,OP,Huntingmoa,dzw52dn,1,[Quote] Which superm
8nkdpb,OP,hacksoncode,dzwdaf7,1,Just because he's a 
8nkdpb,OP,Adventurous_Fox,dzw6rs1,1,What about the menta
75rzri,OP,alpicola,do93nlx,1,Not as much as you t
75rzri,OP,radialomens,do8j82r,1,[Quote] I don't thin
75rzri,OP,Jaysank,do8n0at,1,Stepping stones are 
75rzri,OP,goldistastey,do8l33f,1,One think you said t
75rzri,OP,jumpup,do8her5,1,while it is harder t
75rzri,OP,DoomFrog_,do8o3m9,1,I would follow up wi
75rzri,OP,AnythingApplied,do8qiws,1,[Quote] I believe th
75rzri,OP,Sharknado_1,do8hrgw,1,How do you define fr
75rzri,OP,Hankik,do8zcmg,1,I was home schooled 
75rzri,OP,Solinvictusbc,do8ngzu,1,True (assuming... no
75rzri,OP,Nascosta,do8nbxs,1,This presumes quite 
75rzri,OP,NuclearShadow,do8gz9e,1,Most people who have
75rzri,OP,Vvelch25,do8i7ye,1,"""You have no past to"
80zfwr,OP,ray07110,duzgu8f,1,Humanities prepare i
80zfwr,OP,Quint-V,duzfmhc,1,I'd first note that 
80zfwr,OP,Koledas,duzejxe,1,[Quote] Mankind also
80zfwr,OP,iminit77,duzm66g,1,What is the point of
80zfwr,OP,Longform_Scarface,duzllxk,1,You're thinking of a
80zfwr,OP,ohmslawl101,duzkj44,1,"Hi, electro-optics e"
80zfwr,OP,Huntingmoa,duzca3p,1,[Quote] The study of
80zfwr,OP,electronics12345,duzol5o,1,You don't need every
80zfwr,OP,Koledas,duzp5f6,1,[Quote] The writing 
80zfwr,OP,kaijyuu,duzpaqt,1,this is maybe too ab
80zfwr,OP,Captain_Bad,duzqiul,1,[Quote] If we evolve
80zfwr,OP,BeatriceBernardo,duzb3cu,1,I think the question
80zfwr,OP,PreacherJudge,dv1bn3n,1,[Quote] ...no? I'm n
62lkdw,OP,ralph-j,dfnkqew,1,[Quote] [Quote] You 
62lkdw,OP,MasterGrok,dfnmhed,1,Since you made your 
62lkdw,OP,IceWaves,dfnni8w,1,[Quote] You're think
62lkdw,OP,jstevewhite,dfnoqmr,1,[Quote] So it seems 
62lkdw,OP,Nepene,dfnoshu,1,[Quote] This isn't r
62lkdw,OP,almightySapling,dfnotx0,1,[Quote] So is your v
62lkdw,OP,Salanmander,dfnowet,1,[Quote] What people 
62lkdw,OP,Hq3473,dfnp19l,1,"[Quote] Sure, tasks "
62lkdw,OP,Salanmander,dfnp954,1,[Quote] You seem to 
62lkdw,OP,super-commenting,dfnpl4r,1,The same way you do.
62lkdw,OP,Salanmander,dfnpof9,1,[Quote] That is defi
62lkdw,OP,poloport,dfnj2f0,1,This video explains 
62lkdw,OP,IceWaves,dfnpv2z,1,[Quote] That's somew
8ku0wr,OP,Nergaal,dzbqsz6,1,What if you want to 
8ku0wr,Tommy2255,iFluxxx,dzaxr8v,1,It depends on whethe
8ku0wr,mirajshah,littlebubulle,dzaiq1u,1,I almost always pour
8ku0wr,mirajshah,littlebubulle,dzaiq1u,1,I almost always pour
8ku0wr,pupeno,superbleeder,dzceyod,1,There's a correct wa
8n6tcy,OP,GrayAnatomyESO,dztgh4i,1,[Quote] Do you think
8n6tcy,OP,FG88_NR,dztbbmo,1,I feel like you're o
8n6tcy,OP,hitch21,dztbl89,1,I don't get why we o
8n6tcy,OP,Ajreil,dztdfb2,1,It only takes one le
8og8oe,OP,AlexisDe_Tocqueville,e034rh2,1,I'm confused about y
8og8oe,OP,podaudio,e0365vm,1,The word that you ar
8og8oe,OP,MontiBurns,e036drw,1,Country of origin/na
8og8oe,OP,RadgarEleding,e03amk4,1,[Quote] Technically 
8og8oe,OP,-JPMorgan,e03vc36,1,To me it seems that 
8og8oe,OP,2ndandtwenty,e03i5im,1,[Quote] I think you 
8og8oe,OP,PeteWenzel,e03zjbg,1,Slavery is actually 
8og8oe,OP,GnosticGnome,e059ck6,1,"[Quote] Yeah, a prob"
8og8oe,OP,Kanonizator,e078alc,1,I wrote a detailed r
8og8oe,OP,GnosticGnome,e05qzl0,1,[Quote] What constit
8lalh6,OP,IHAQ,dze118o,1,"[Quote] No, it point"
8lalh6,OP,ricksc-137,dze13vz,1,I think this argumen
8lalh6,OP,toldyaso,dze18b8,1,There is some logic 
8lalh6,OP,Forcistus,dze1oou,1,It is true that when
8ak0q5,OP,musics_advocate,dwz8oww,1,A successful economy
8ak0q5,OP,Havenkeld,dwz9ous,1,[Quote] [Quote] What
8ak0q5,OP,kublahkoala,dwzakwn,1,How much labor and h
8ak0q5,GateauBaker,stratys3,dwz9mlx,1,The economy is growi
8coe6k,OP,bad__hombres,dxgh6re,1,[Quote] I think that
8coe6k,OP,boondibis,dxgqc23,1,the point of baby on
8coe6k,OP,HeWhoShitsWithPhone,dxgjcme,1,Well in both of thes
8coe6k,sasssquared,Roninjinn,dxgv5hb,1,It's also to notify 
